"x","y","r","area","estado","angulo"
200,200,3.75,44.15625,1,0
206.426347084683,208.062143830718,6.56,135.125504,1,10.31
210.605524114072,193.271221636445,8.81,243.714554,1,12.56
193.308174287969,207.843186128086,6.56,135.125504,1,10.31
196.46844612897,191.521064202625,5.435,92.7531665,1,9.18500000000001
222.336171787021,207.166765172886,9.375,275.9765625,1,23.4577725528787
199.688510722821,218.661915581127,6,113.04,1,18.6645149609333
210.563341622358,218.72256132701,4.875,74.6240625,1,21.4969413841664
201.767029474549,181.387740980209,6,113.04,1,18.6959508713443
214.835970131529,177.327936169096,7.685,185.4459665,1,27.094805555608
186.568809271332,197.244386235054,6,113.04,1,13.7109551677269
187.151968660381,219.429192008926,6.56,135.125504,1,23.2930335384539
187.518720623109,181.168207670742,8.25,213.71625,1,22.5924486768543
181.899615263421,207.066007909528,4.875,74.6240625,1,19.4307075370326
206.144117012595,227.413530999519,4.875,74.6240625,1,28.093626603307
173.503305381768,198.492678312968,7.125,159.4040625,1,26.5395336123313
196.882681451776,170.426758159657,6,113.04,1,29.7370864053374
175.606402773324,186.678408070518,4.875,74.6240625,1,27.7941072386388
173.889640637422,175.373013218115,6.56,135.125504,1,35.8920512648424
172.763066226919,210.469825134879,4.875,74.6240625,1,29.179921173885
164.296834257457,188.367456614791,6.56,135.125504,1,37.5503942675479
162.170049629418,206.163176279322,6.56,135.125504,1,38.3287083905871
173.365763612039,223.015356445349,7.685,185.4459665,1,35.2006985765377
194.610746176633,229.534647860249,6,113.04,1,30.0223163830109
182.525044950476,234.653383140771,7.125,159.4040625,1,38.8101921804567
170.540053653726,235.253369487975,4.875,74.6240625,1,45.9422300175019
157.546565885191,229.402576754599,9.375,275.9765625,1,51.6411230314611
195.469171230469,244.885665136865,9.375,275.9765625,1,45.1137600308106
174.722407700389,245.896073074393,6.56,135.125504,1,52.3966238999745
184.923914587357,166.587292691331,6.56,135.125504,1,36.65647775038
195.734137588288,155.661361212956,8.81,243.714554,1,44.5433774157685
171.29483460167,160.792098238704,8.25,213.71625,1,48.5926545999385
148.169557767828,195.465016267734,11.06,384.096104,1,52.0284616285588
220.775095211936,222.462309129435,6,113.04,1,30.5967304215873
232.880599181158,219.114119521434,6.56,135.125504,1,38.0326618525662
209.147893199213,237.865466400233,6,113.04,1,38.9548135111876
210.434550171675,250.359389476482,6.56,135.125504,1,51.4290574065788
219.858619583529,233.860523788869,5.435,92.7531665,1,39.2542971280837
207.851308354605,165.559600481244,6,113.04,1,35.3239884765383
220.857459495852,163.79731290794,7.125,159.4040625,1,41.781193966984
209.391638237559,154.79423895217,4.875,74.6240625,1,46.1710266368285
238.598918452226,178.824060197333,16.125,816.4490625,1,44.0260937650366
161.930873773003,171.533547749789,6,113.04,1,47.5352214194966
181.033620277262,148.179395175328,7.685,185.4459665,1,55.1824124534431
206.945607736006,137.910503145617,12.185,466.2090665,1,62.476772375443
166.870038641918,146.658546642783,6.56,135.125504,1,62.7925551785256
222.528571992347,194.605738606121,3.1875,31.902890625,1,23.1653752829488
157.380859832553,155.71889351936,6.56,135.125504,1,61.4589903900337
156.996906790143,215.726117741783,4.3125,58.396640625,1,45.7883915948581
218.728942702454,151.987595880838,4.875,74.6240625,1,51.536048005775
230.042119857524,153.65230235887,6.56,135.125504,1,55.2325813462258
174.120799923377,135.724157732593,6.56,135.125504,1,69.2900923349833
141.623717103165,216.594293822654,11.06,384.096104,1,60.6890516676924
142.760275480727,233.616392255409,6,113.04,1,66.3810808236182
150.673193120528,247.447876609076,9.935,309.9312665,1,68.4429314950406
129.776738242487,201.345517088941,8.25,213.71625,1,70.2361510057383
130.628932788825,230.363067111554,6.56,135.125504,1,75.7249021817664
121.209257035188,217.510287890843,9.375,275.9765625,1,80.7130185222141
155.353765462814,181.241395603665,4.875,74.6240625,1,48.426970762661
145.723371608365,179.718892990138,4.875,74.6240625,1,57.9420028227287
163.974042319496,240.846054009631,3.75,44.15625,1,54.4634717490094
183.61887957174,255.539059553813,6.56,135.125504,1,57.9044751518146
200.866638049589,261.66386459141,8.25,213.71625,1,61.6699542553483
164.863076057261,251.688551348052,4.875,74.6240625,1,62.5004781151156
221.351351706811,266.287338002342,12.75,510.44625,1,69.6411616728544
159.148544868915,260.269940122454,5.435,92.7531665,1,72.8100753240317
147.6432155587,263.662199320025,6.56,135.125504,1,82.4263823013927
184.766744315072,274.248881346952,12.185,466.2090665,1,75.7954382534735
133.511315930806,256.299208222168,9.375,275.9765625,1,87.12259153455
171.101627855188,261.271854351954,6.56,135.125504,1,67.7447861340417
163.139685509054,270.98581719298,6,113.04,1,79.9854300915272
137.351232615189,242.396478332935,4.3125,58.396640625,1,75.6460800694337
126.978815406662,242.380980536789,6,113.04,1,84.4289103961076
117.932094625306,233.668320604014,6.56,135.125504,1,88.7056757196759
117.054334867723,251.803502016319,7.685,185.4459665,1,97.7935896947783
227.771704684595,245.705485130439,8.81,243.714554,1,53.4813888385215
204.92288328236,275.32436877726,6,113.04,1,75.4850668112864
214.288809509915,286.064104616656,8.25,213.71625,1,87.242192663168
198.893712003234,285.699776898725,6,113.04,1,85.7069170698781
151.998174455348,275.443028365916,6,113.04,1,89.4193814820904
140.12230270762,273.721497003584,6,113.04,1,94.9747216552245
167.973964093549,282.578200492694,6.56,135.125504,1,88.5710233230537
150.30925072075,166.769990504269,6.56,135.125504,1,59.7779565978933
187.840974748374,124.668787871231,11.06,384.096104,1,76.3061820291075
151.673976573563,140.242572623609,9.935,309.9312665,1,76.8528117043037
205.017472374284,118.697008043817,7.125,159.4040625,1,81.4576671041703
168.725941195339,121.931710549278,8.25,213.71625,1,84.0994921023845
136.700923113064,170.981100182475,7.685,185.4459665,1,69.6338256981317
144.274524548035,155.12024887536,6.56,135.125504,1,71.5508258188347
223.809609142184,143.016368064747,5.435,92.7531665,1,61.7578480521783
223.596828515245,132.148450858364,5.435,92.7531665,1,71.8376157517613
134.614407398796,144.651143772105,7.685,185.4459665,1,85.6666306419642
234.394195709503,137.373093111413,6.56,135.125504,1,71.4499136803911
217.062239991372,124.17378767904,4.875,74.6240625,1,77.7221622734883
227.109647876029,121.861711815378,5.435,92.7531665,1,82.7074669445593
113.282162487957,201.768566350959,8.25,213.71625,1,86.7358701443802
132.800657281161,186.847516756221,6.56,135.125504,1,68.4743709523633
227.792011864263,229.2317537665,3.75,44.15625,1,40.3347412502997
123.892533015971,177.215293644399,6.56,135.125504,1,79.4448826195628
122.323527748614,160.795085135643,9.935,309.9312665,1,87.0095379308603
238.271165556111,207.152673364834,6.56,135.125504,1,38.9338265430879
238.39750523833,231.637815962834,7.125,159.4040625,1,49.7525859370719
121.386327999945,190.534400543373,5.435,92.7531665,1,79.1814814107792
114.145581564384,183.194939319555,4.875,74.6240625,1,87.483662642754
246.525556122158,218.067995686376,7.125,159.4040625,1,49.9107186944744
242.495162560223,244.106770589118,6,113.04,1,61.2474167032445
238.488052562716,254.216602163773,4.875,74.6240625,1,66.4888723039816
250.216528362256,206.062566750981,5.435,92.7531665,1,50.581166815005
253.7725020738,231.627951415433,8.25,213.71625,1,62.3843673528375
258.201174766912,213.438359711241,5.435,92.7531665,1,59.7324556332428
248.782901850551,253.657873123217,5.435,92.7531665,1,72.5185414984866
243.561692343817,263.191805747627,5.435,92.7531665,1,76.7517123815693
265.18168161852,197.87185322794,11.625,424.3415625,1,65.2164137874932
267.175416344366,223.009012150312,7.685,185.4459665,1,71.0066982838387
191.597626060627,143.802066445495,3.75,44.15625,1,56.8225978252806
256.103706706456,263.863725182783,7.125,159.4040625,1,85.0070661793836
241.42024161534,157.449455274452,5.435,92.7531665,1,59.3816913864371
257.186642432347,159.761344172621,10.5,346.185,1,69.9246844503388
252.7862856577,244.770428364308,4.3125,58.396640625,1,69.2154838851824
263.480943078898,242.811970069321,6.56,135.125504,1,76.5682369876882
245.382063910057,145.530664895177,7.125,159.4040625,1,70.8973919936269
219.742514502328,186.395566638926,2.625,21.6365625,1,23.9759772678934
247.039108983561,130.813657671411,7.685,185.4459665,1,83.6625826685743
261.247006908575,180.117626690945,6.56,135.125504,1,64.3933585368841
272.314525123687,182.993259761795,4.875,74.6240625,1,74.2874131828142
137.179078016145,128.356743211652,8.81,243.714554,1,95.2849646174193
194.869515628153,104.286609059797,10.5,346.185,1,95.8507959026003
267.883366853867,170.80537928892,4.875,74.6240625,1,73.8950429587843
277.621322802432,159.647049936198,9.935,309.9312665,1,87.4838861302529
152.807550357775,122.659074380206,7.685,185.4459665,1,90.602130653536
177.736025182366,111.631341063346,5.435,92.7531665,1,91.1301511956549
159.304582786339,105.076025878249,11.06,384.096104,1,103.279610016986
217.338946505995,112.74213607025,6.56,135.125504,1,88.9638908969286
229.737159092872,110.7326772748,6,113.04,1,94.0901351760095
222.235173491052,99.9630051799737,7.125,159.4040625,1,102.478306352121
141.552106887179,113.033530640748,7.125,159.4040625,1,104.782264730924
123.619567030032,135.593908528092,6.56,135.125504,1,99.910535777602
238.232449227441,119.207938068988,6,113.04,1,89.3816393058064
240.859960444284,108.078903528411,5.435,92.7531665,1,100.593361331887
257.249847575746,139.925191153876,6,113.04,1,82.9851053222471
267.193699365207,146.642319378738,6,113.04,1,85.8023036734004
260.505100641925,128.375155332497,6,113.04,1,93.7602558514711
253.358063282112,118.046871013335,6.56,135.125504,1,97.7926289038329
177.126156406822,90.1521678418789,12.185,466.2090665,1,112.204095070385
107.526337087266,225.677412641866,6.56,135.125504,1,95.972432773576
119.890092909624,267.484149366725,8.25,213.71625,1,104.745919394405
143.942431247179,289.191818362277,9.935,309.9312665,1,105.34529641729
105.171936204088,241.185930401376,8.25,213.71625,1,103.385891427741
129.066193071885,278.386520017742,6,113.04,1,105.716845799555
116.603708503697,282.503813229025,7.125,159.4040625,1,117.310786514566
102.510867415213,189.269398280408,8.25,213.71625,1,98.0779118119805
105.010342420321,213.371992257502,6,113.04,1,95.9262488792268
106.075952789779,174.313436550313,7.125,159.4040625,1,97.3731286659857
95.1921459173952,221.205038754871,6.56,135.125504,1,106.931473131142
98.8881343433343,203.051208941199,6,113.04,1,101.157892685516
93.5390675162586,178.198295960715,6,113.04,1,108.670347585366
80.9110055576796,238.830538890359,16.125,816.4490625,1,125.259727557578
89.6458269928235,195.397467709704,6,113.04,1,110.450110020683
102.136021348286,257.404229356209,8.25,213.71625,1,113.457498057746
88.4087150536073,209.97474642937,6.56,135.125504,1,112.036201481116
188.421459275523,292.634149459162,6.56,135.125504,1,93.3549583649991
204.03398450047,298.99037879082,8.25,213.71625,1,99.0725397075296
249.054523905778,196.384576159276,4.3125,58.396640625,1,49.1875757195926
228.95921441092,284.035479456461,6.56,135.125504,1,88.8853075979092
225.270567770088,298.378770081666,8.25,213.71625,1,101.57255533954
237.15753945931,275.279482003233,5.435,92.7531665,1,83.9504803401699
241.455294899619,292.984494621269,8.81,243.714554,1,101.806962999527
177.088649475696,289.483396752358,4.875,74.6240625,1,92.3699533245925
177.712688785045,302.027884583289,7.685,185.4459665,1,104.43377554093
237.215961005609,308.925419096816,7.685,185.4459665,1,115.107665596119
249.145192056055,279.027786315818,7.125,159.4040625,1,93.0625645047737
257.2341790368,290.75940127819,7.125,159.4040625,1,107.298742631924
159.993686289085,292.992112637685,6.56,135.125504,1,101.232594304187
126.48473406516,294.283285154953,8.25,213.71625,1,119.556815719893
107.680340671915,273.664859301172,5.435,92.7531665,1,118.107709292472
151.964691095207,306.756540020496,9.375,275.9765625,1,117.065578795505
110.127385826336,296.448269818606,8.25,213.71625,1,131.830783694139
192.186966766546,315.640826106496,12.185,466.2090665,1,115.904461307146
94.7372731905918,271.517441276215,7.685,185.4459665,1,127.259522480831
101.606611822872,283.353463063753,6,113.04,1,128.953707359251
89.1089610166392,284.603392791964,6.56,135.125504,1,139.479592051026
214.949355512011,308.999913029754,6.56,135.125504,1,110.020290268288
137.079935717188,302.944747326714,5.435,92.7531665,1,120.650551144677
225.264032576191,321.872071437018,9.935,309.9312665,1,124.463139677418
89.3101702138063,260.190475518372,4.875,74.6240625,1,125.996554560925
123.815717743484,314.543235225835,12.185,466.2090665,1,137.56524851481
81.5610870853911,267.82050406805,6,113.04,1,136.482221788916
251.573976464268,305.294511209122,7.125,159.4040625,1,117.246787329567
173.441981123155,315.617626341935,6.56,135.125504,1,118.628680712575
178.187111791453,327.246785165374,6,113.04,1,129.102852125433
115.402720583422,145.822194526872,6.56,135.125504,1,100.458619792284
128.801065579148,116.144249297405,6,113.04,1,110.004887112167
131.600969746468,104.475464585455,6,113.04,1,117.487719382871
117.753141027484,123.230079389973,7.125,159.4040625,1,112.508517550072
209.369697715468,95.2983767844987,6.56,135.125504,1,105.12003205498
165.716999122878,302.236297104501,4.3125,58.396640625,1,107.831278369407
221.110529951099,80.6857834686367,12.185,466.2090665,1,121.167391410847
208.962636244876,318.742521377445,4.875,74.6240625,1,119.080289013468
195.644223139487,87.2442081646211,6.56,135.125504,1,112.839892699709
189.078384757802,77.2057923859442,5.435,92.7531665,1,123.278948336942
143.020083495526,99.9908825324326,6,113.04,1,115.102278263719
154.441611246762,82.9183921416505,11.625,424.3415625,1,125.633075599093
104.746642469595,159.563215057988,7.685,185.4459665,1,103.4810885972
99.6725791576178,143.275259952879,9.375,275.9765625,1,115.253145320629
258.480820909114,252.675975886453,4.3125,58.396640625,1,78.7068284826293
254.430535596357,102.148002244295,9.375,275.9765625,1,111.971856598383
235.653170575285,97.2729161019844,6.56,135.125504,1,108.738228504332
266.302713405054,113.606684283634,7.125,159.4040625,1,108.902960498512
265.618911475144,257.517286460166,4.3125,58.396640625,1,87.2586946093261
112.20930462701,134.842152654031,4.875,74.6240625,1,109.328638813596
105.076886309255,126.632753532259,6,113.04,1,119.971456467796
118.740416630758,110.708941786576,5.435,92.7531665,1,120.731159881017
274.023307495597,126.245059451712,7.685,185.4459665,1,104.495173610407
245.897880915197,87.3751418546452,7.685,185.4459665,1,121.618148911941
107.608126337065,114.902756775158,6,113.04,1,125.609709510912
95.556577460291,118.440237470613,6.56,135.125504,1,132.515747651584
85.3837264010251,185.392462784898,4.875,74.6240625,1,115.543369853946
81.9532738608498,175.072694358736,6,113.04,1,120.649907246979
90.4530210779767,166.601903531137,6,113.04,1,114.52499045486
80.6778677972856,201.548998646566,4.875,74.6240625,1,119.332186061469
74.5443926919327,184.512423159124,6,113.04,1,126.407968267187
79.8740877318739,151.810676595594,12.185,466.2090665,1,129.431239229268
275.509152836981,212.154148674816,6,113.04,1,76.4810793083367
274.277393449074,235.357370187079,6.56,135.125504,1,82.2634475580421
272.34210222752,270.7161069513,10.5,346.185,1,101.16396362858
287.154223061221,200.464737249405,10.5,346.185,1,87.1554621243907
276.091188759557,250.578423820772,8.25,213.71625,1,91.3676417723266
281.418589932821,223.237115480248,6.56,135.125504,1,84.6696540827425
287.962020814511,235.25638073635,7.125,159.4040625,1,94.7646003969778
286.363050286584,180.605490772243,9.375,275.9765625,1,88.5139731510709
293.543188942466,216.890988798931,7.125,159.4040625,1,95.0559503667788
284.967736316414,260.994091272782,5.435,92.7531665,1,104.593476779999
290.33759679468,250.898358340302,6,113.04,1,103.6895572195
272.554586962113,289.464902918976,8.25,213.71625,1,115.187399239434
285.949702242385,281.917617868826,7.125,159.4040625,1,118.734356581646
299.858589254864,189.078663315962,6.56,135.125504,1,100.454036469112
264.847346472803,301.450767261607,6,113.04,1,120.405301056609
306.164582072414,206.263174561783,9.375,275.9765625,1,106.349169447634
301.544753316133,229.353374909707,7.685,185.4459665,1,105.702211635443
298.173120033811,242.569865045051,5.435,92.7531665,1,107.005396626183
301.100535355956,252.455528377962,4.875,74.6240625,1,113.898642251223
296.217956866497,269.732086613505,8.81,243.714554,1,118.829538108319
286.033001825,295.602364347279,6.56,135.125504,1,128.613721942141
296.852954445223,289.224102413482,6,113.04,1,131.686883311361
280.140377256059,142.208048684416,7.685,185.4459665,1,98.804806075445
292.82692666355,166.040377412462,6.56,135.125504,1,98.8437872609512
290.837098121748,150.743819752194,6,113.04,1,103.332229666181
280.53732157609,112.94454365122,7.125,159.4040625,1,118.595584431904
270.281416353131,100.512825117943,6.56,135.125504,1,121.807944940448
263.713425737821,88.5069630382252,7.125,159.4040625,1,128.413776169882
260.563070715312,279.697452779427,4.3125,58.396640625,1,100.097799746033
301.56479948996,175.827306372533,6.56,135.125504,1,104.401760582105
301.944859642727,156.606518277026,6.56,135.125504,1,110.795977650894
319.865793705162,184.919216828271,13.875,604.4990625,1,120.810754991603
303.24415935481,139.034488790988,11.06,384.096104,1,119.900583809494
131.934415035729,88.5439536954277,9.935,309.9312665,1,130.596225498195
163.930797216578,134.155736604381,3.75,44.15625,1,75.0763239080291
108.771549113089,99.0102845809325,9.935,309.9312665,1,136.093911956596
177.924036675471,70.2981937541326,7.685,185.4459665,1,131.567118613073
310.682732469137,166.393447237097,6.56,135.125504,1,115.672242372318
202.532592859041,75.4192520291111,7.125,159.4040625,1,124.606487758767
276.308623593935,302.624934604612,5.435,92.7531665,1,127.886212069174
211.471752768382,58.3029580343462,12.185,466.2090665,1,142.160658458644
138.194721835675,71.4705010929063,8.25,213.71625,1,142.617406014407
192.640981219193,65.1616441614628,7.125,159.4040625,1,135.039021629514
241.04072209097,69.8508092523396,10.5,346.185,1,136.46667256887
315.097235653274,152.825747154995,7.125,159.4040625,1,124.389645013199
88.2068349503125,130.642749918343,7.685,185.4459665,1,131.560403962272
287.946010359972,130.292004170942,6.56,135.125504,1,112.221679816069
297.806314695788,123.461599834075,5.435,92.7531665,1,124.194210389739
280.757575919254,87.7717456603324,9.935,309.9312665,1,138.264120944239
288.903750346937,102.114857846806,6.56,135.125504,1,132.232287585527
268.142573431288,70.2876010650536,11.625,424.3415625,1,146.52206916126
164.376904586193,68.3605567510627,6,113.04,1,136.374293566461
151.881596340995,64.3439789966208,7.125,159.4040625,1,143.937266908748
181.149936815835,54.1217110312289,8.81,243.714554,1,147.091128469746
163.14766703554,54.730875902119,7.685,185.4459665,1,149.870653768805
228.669451865421,196.317526964674,3.1875,31.902890625,1,28.9049836173554
69.3910502681196,213.584685168876,11.625,424.3415625,1,131.313523375174
293.090599137367,113.355423766993,5.435,92.7531665,1,127.173669595366
95.3201917441465,296.159993193885,6.56,135.125504,1,142.142908889365
100.59485561508,310.596572464913,8.81,243.714554,1,148.704352899212
82.2062668509442,295.760776591713,6.56,135.125504,1,151.80741056562
141.979455112668,319.175045863511,6.56,135.125504,1,132.548388091266
160.484898840349,321.536582644915,7.685,185.4459665,1,127.798998981454
134.504192461318,331.960058506968,8.25,213.71625,1,147.31991666542
72.9424300591904,259.47072855821,6,113.04,1,140.286826304212
61.954542965443,252.292151943375,7.125,159.4040625,1,147.617808420084
68.25816947839,272.928819166137,8.25,213.71625,1,150.580618188901
107.749445318091,324.199834800896,6.56,135.125504,1,154.711873505849
69.0661114666949,172.585392522071,7.125,159.4040625,1,133.773105927989
72.1864131497214,195.70166609502,5.435,92.7531665,1,127.885842288708
63.2501530286497,188.567068695829,6,113.04,1,137.226938189605
267.067005371761,136.33059765625,4.3125,58.396640625,1,92.4758130775075
58.885418542896,229.786777689719,7.685,185.4459665,1,144.224052172134
63.1370627467238,160.251471560908,6.56,135.125504,1,142.518100979025
62.1528271730752,147.730094626418,6,113.04,1,147.424509713071
68.0749849784198,131.129833425805,11.625,424.3415625,1,148.819721248232
57.2035130978302,178.201831334967,6,113.04,1,144.450672649008
53.4241536531873,154.216687228333,4.875,74.6240625,1,153.559729293304
52.2781649561124,217.802478584643,6,113.04,1,148.790687855424
53.2144126360258,205.277422086492,6.56,135.125504,1,146.880427020301
52.4167744775759,242.47837605069,6.56,135.125504,1,153.574805510235
49.0292308665729,254.572926405439,6,113.04,1,160.531546523392
43.5810043151884,228.368396518545,7.685,185.4459665,1,158.970651794847
56.2861173435708,264.129997016247,6,113.04,1,157.373239737541
37.3420198510122,245.476487614475,8.81,243.714554,1,168.895616970654
43.8697872982674,266.024290606505,6.56,135.125504,1,169.516519160761
52.3924066358431,187.954722168531,4.875,74.6240625,1,148.098245556102
205.141573924623,330.707181119567,7.685,185.4459665,1,130.808268005679
188.464933347513,333.440845551081,6,113.04,1,133.938482237424
219.059381242378,339.560410161325,8.81,243.714554,1,140.855841546382
247.807607552529,318.451018732804,6.56,135.125504,1,127.734925446158
240.104811132624,329.071815657399,6.56,135.125504,1,135.158904527526
257.685986226699,333.719019904198,11.625,424.3415625,1,145.631209879909
166.672299428239,337.43499998643,9.375,275.9765625,1,141.418226713076
197.331063809714,344.596751190124,8.25,213.71625,1,144.621380421867
258.694608195052,314.95352791656,4.875,74.6240625,1,129.071184280744
236.131683142265,343.919413239911,8.81,243.714554,1,148.385632842312
269.309709744351,312.590215813162,6,113.04,1,132.213435632316
270.555920241953,323.393575679226,4.875,74.6240625,1,142.141170672306
279.36463891427,318.036097228315,5.435,92.7531665,1,142.23665546857
297.804876055164,312.30602269236,13.875,604.4990625,1,148.924264353204
118.21119867133,333.022019438274,7.125,159.4040625,1,156.154621059439
149.418681097935,328.58450608927,5.435,92.7531665,1,138.17541397837
95.7562010385253,323.994611384426,5.435,92.7531665,1,161.992077813377
87.0485581457334,316.58271687279,6,113.04,1,162.325469629381
100.260261933566,336.317266757914,7.685,185.4459665,1,168.909480390856
76.5490878438583,284.546949159396,6,113.04,1,149.627251275778
68.5453556044195,294.949155427268,7.125,159.4040625,1,162.159383476628
146.756138502578,340.280269934693,6.56,135.125504,1,150.044869689393
87.8035608060723,305.732212064095,4.875,74.6240625,1,154.166603503364
75.5166996811036,308.337330812969,7.685,185.4459665,1,165.024450630696
84.4409387920811,329.446073600583,7.125,159.4040625,1,173.522859006712
181.299748074016,343.756548144528,6.56,135.125504,1,144.967736260608
211.351631573828,357.874543912255,11.06,384.096104,1,158.282125190719
169.443242908029,361.083212862497,14.435,654.2793665,1,163.955838170168
187.540702236207,353.338286825239,4.875,74.6240625,1,153.843635901087
57.6998829435262,284.863927479333,7.685,185.4459665,1,165.684065321634
61.3772244381824,306.606647463878,6.56,135.125504,1,174.874958721795
65.8356159619592,319.545038786632,7.125,159.4040625,1,179.697240498579
42.7730315751988,299.628043884586,13.31,556.270154,1,186.134539321219
126.145928927546,345.527064650551,7.685,185.4459665,1,163.194823324089
111.348414045122,346.135055854803,7.125,159.4040625,1,170.922667431799
99.6626061325575,348.863039254796,4.875,74.6240625,1,179.521021232292
141.016596354841,356.939263179615,11.06,384.096104,1,167.657311898194
118.70528773468,357.674364088657,6.56,135.125504,1,177.397957522243
275.869884423751,333.518841585589,6.56,135.125504,1,153.569269129051
271.108693617008,345.141434329972,6,113.04,1,161.62451010685
113.471645673317,78.5481459506589,11.06,384.096104,1,149.123133532348
83.0048298376391,117.98501047531,6,113.04,1,142.878719017406
98.5377837161303,86.7957739153343,6,113.04,1,152.019005840266
285.017955548283,326.657936419323,4.875,74.6240625,1,152.546011496896
93.5931704309244,105.467981196663,6.56,135.125504,1,142.33311616759
231.763690755194,52.9152611479812,8.81,243.714554,1,150.475421426751
226.957820804714,65.2592901560518,4.3125,58.396640625,1,137.411000257585
253.40117643655,78.0134880173551,4.3125,58.396640625,1,133.163038229456
220.957490161815,42.7879649275856,6,113.04,1,158.602775402868
247.101866349799,53.9038305330439,6.56,135.125504,1,153.501389396161
243.50135553771,35.50787046318,12.185,466.2090665,1,170.14707935541
195.65768494279,46.2724900963321,7.685,185.4459665,1,153.788825996034
208.039792188749,40.4447422337728,6,113.04,1,159.757686948971
170.827788260002,42.7335527432822,6.56,135.125504,1,159.949221225217
183.743014162667,39.5404885216674,6,113.04,1,161.280948696306
125.257723735793,67.0080684420271,5.435,92.7531665,1,152.555765937167
156.05336000719,346.937664116667,4.875,74.6240625,1,153.368785294531
138.132367086247,51.5955989073552,11.625,424.3415625,1,160.783924152937
153.998907921154,45.3269082997215,5.435,92.7531665,1,161.368726116832
121.156243330764,56.3339369322896,6,113.04,1,163.878844403703
70.0592494229805,110.791398883932,8.81,243.714554,1,157.615903936135
286.225732132322,72.2094742120674,6.56,135.125504,1,154.159966797192
294.501865947767,80.8919642966481,5.435,92.7531665,1,152.043831958816
283.486413760709,57.6550166523044,8.25,213.71625,1,165.021439718844
304.495315392948,114.187092048031,6,113.04,1,135.215110510049
307.257541703281,281.223465626984,7.125,159.4040625,1,134.541560941923
94.5325079983164,72.537658106284,8.81,243.714554,1,165.438932752106
87.9850172055103,93.6069939949043,6.56,135.125504,1,154.488925484159
295.505547005123,92.100053511025,5.435,92.7531665,1,144.09617608067
318.146963942831,123.454372764102,10.5,346.185,1,140.776198761885
48.4899961842719,115.696673058171,13.31,556.270154,1,173.384924920544
74.426963198452,95.4666704564667,7.125,159.4040625,1,163.388508032297
45.0104217951473,167.085243527351,10.5,346.185,1,158.44604932207
179.597981134451,214.20410852078,2.625,21.6365625,1,24.859587137769
48.7927012479074,141.339231205592,8.81,243.714554,1,162.187339183598
61.0471641890512,98.3407274266813,6.56,135.125504,1,172.169969158506
37.7922690200789,195.641462804246,11.625,424.3415625,1,162.266277569128
63.0072991509102,198.981547563432,4.3125,58.396640625,1,136.996486565509
80.1894872442522,83.0540743693634,6.56,135.125504,1,167.424336607321
300.885228736437,101.545471684392,5.435,92.7531665,1,140.964972681344
311.213640969899,104.93380471638,5.435,92.7531665,1,146.308083930742
213.643444573441,227.313101247271,2.625,21.6365625,1,30.5311165791924
318.892011957633,222.25072451532,11.06,384.096104,1,120.956212113271
311.230313955212,241.287645524484,7.685,185.4459665,1,118.645911920851
308.80240606213,260.907771430867,6.56,135.125504,1,124.69049757533
321.514970055505,205.393569037102,6,113.04,1,121.634610759226
327.089431500344,239.734385826406,8.25,213.71625,1,133.156092673533
318.476143223907,252.89700309538,6,113.04,1,129.748562418565
77.3868640425839,320.188174306621,4.3125,58.396640625,1,171.695015514343
322.486872499359,266.570940007587,8.25,213.71625,1,139.408478896257
335.068688136317,200.993656971404,8.25,213.71625,1,135.072343094515
164.623303304091,310.224271547749,3.75,44.15625,1,115.762259425713
324.128927175986,163.848044929895,7.125,159.4040625,1,129.286327263373
307.33979802091,293.78319627291,5.435,92.7531665,1,142.53813574736
322.012521293195,282.49887822737,7.685,185.4459665,1,147.285845420043
330.342656059567,254.681904527147,6,113.04,1,141.348217786354
334.369069401521,275.411160410849,6.56,135.125504,1,154.084035274073
318.389685065725,302.773191895648,8.81,243.714554,1,156.775146315929
43.5246995440485,211.349381012174,4.875,74.6240625,1,156.886354097926
333.936422442346,171.694485944796,5.435,92.7531665,1,136.894731025646
288.338967945389,337.600061517231,6.56,135.125504,1,163.51620772022
341.377549424103,186.360731964712,7.685,185.4459665,1,142.03394352655
334.440329165348,215.22979637096,6,113.04,1,135.300217307985
208.890077836713,106.83343754949,3.75,44.15625,1,93.5897528727773
335.216910243422,227.204641749051,6,113.04,1,137.926449053369
346.185345761541,210.779157635322,6.56,135.125504,1,146.582214319297
340.111888500336,246.787875294985,6.56,135.125504,1,147.717455210106
317.80857162308,318.697592423353,7.125,159.4040625,1,167.236293892716
309.190373096333,328.596697390651,6,113.04,1,168.699875983058
331.567679493986,293.814135703798,7.125,159.4040625,1,161.589437604327
122.12718499764,102.171142009755,3.75,44.15625,1,125.038637116962
331.42724800907,312.877991621436,7.685,185.4459665,1,173.24711400692
330.151501549729,149.701694767654,8.25,213.71625,1,139.532551273512
304.919031640328,85.6080944829071,6,113.04,1,155.22084669327
303.869351627516,72.5251362214625,7.125,159.4040625,1,164.434434054663
320.218412421395,91.7870060145543,10.5,346.185,1,161.748319164109
268.657589075181,50.4192749179785,8.25,213.71625,1,164.585108237895
343.110574159268,160.797010765889,8.81,243.714554,1,148.382986899055
349.575150635527,198.010597173308,6.56,135.125504,1,149.588379933895
349.601250603955,174.729276169993,6.56,135.125504,1,151.720610548336
355.058077693428,186.710548019533,6,113.04,1,155.62653048861
363.668361545608,208.586314938262,11.06,384.096104,1,163.893432983884
362.845700506259,163.108219987986,11.06,384.096104,1,166.972230043888
337.183631328779,132.320335477582,10.5,346.185,1,152.970211787843
110.451829082338,61.7575441819059,6,113.04,1,164.711418867413
318.991149372877,141.475089202951,4.875,74.6240625,1,132.604897394029
111.404390181451,50.3622884869925,5.435,92.7531665,1,173.898323125816
79.3803572836503,69.9590482637439,6.56,135.125504,1,177.368958212792
87.0221999686548,55.975970441689,9.375,275.9765625,1,183.048912562014
67.7975536988812,77.2472501075911,7.125,159.4040625,1,180.404335907285
231.61533077429,200.587416155774,2,12.56,1,31.6207874302309
198.908447255323,33.5615914503898,5.435,92.7531665,1,166.44198787542
175.176530159137,30.3552312134985,6.56,135.125504,1,171.451311548106
225.380912452657,350.4136052281,3.75,44.15625,1,152.539972973133
160.190555003059,35.0534701501469,6.56,135.125504,1,169.682496505895
224.536433889137,29.5792410377975,7.685,185.4459665,1,172.17802320055
234.195182666101,19.8845106617887,6,113.04,1,183.332757621521
209.160831048721,28.4972206550339,6,113.04,1,171.747268241889
198.37897494519,21.0127564816446,7.125,159.4040625,1,178.994583897188
231.140404455593,356.055604706841,4.3125,58.396640625,1,159.132261185706
216.165001356826,18.7534227150583,6,113.04,1,181.966010689833
120.882855634232,36.8625211682407,11.06,384.096104,1,181.310119773212
54.8900265628555,273.779527084183,3.75,44.15625,1,162.789198068221
188.895120380827,29.3319123958404,5.435,92.7531665,1,171.028987244319
48.6263957168093,277.904685096242,3.75,44.15625,1,170.244259913892
334.223676709768,113.805445020077,8.25,213.71625,1,159.516446480215
195.931296814854,357.081023640295,4.3125,58.396640625,1,157.133708457134
351.48553155522,145.294608093529,8.81,243.714554,1,161.060690965263
302.518446392575,54.3903828444185,11.06,384.096104,1,178.079174691883
146.895591343553,35.6613551030144,6.56,135.125504,1,172.705727830111
318.634950806539,73.6710772689923,7.685,185.4459665,1,173.301033670451
331.755085360581,79.2192386116207,6.56,135.125504,1,178.73834182942
283.178778710916,39.4726189645367,9.935,309.9312665,1,180.797536736384
267.581363167393,36.209973816397,6,113.04,1,177.184687049385
152.825576209358,19.6651405667148,10.5,346.185,1,186.403025154641
26.0886290534522,230.485282841095,9.935,309.9312665,1,176.563069225728
322.168729861561,108.614695412659,4.875,74.6240625,1,152.566288709231
136.171375231689,28.1032079235761,6.56,135.125504,1,183.364665260183
182.272704921556,17.3559849376094,8.25,213.71625,1,183.502297612071
31.6965431334927,213.372921455908,7.125,159.4040625,1,168.833908387747
126.112135348912,375.507330987621,12.75,510.44625,1,190.42646815266
102.096645172443,54.7964719346281,4.875,74.6240625,1,175.126044462615
87.2614081834863,343.41416052801,7.125,159.4040625,1,182.421521550294
54.4633335864121,315.714739376557,4.875,74.6240625,1,185.932305368821
54.7588659704471,326.585723030762,6,113.04,1,192.662742348933
189.370375383046,361.766983116821,3.75,44.15625,1,162.115840516019
26.0304994140108,262.495263434236,11.625,424.3415625,1,184.854118390295
66.3230540956138,334.912310147087,8.25,213.71625,1,189.923293188455
90.3248553790863,359.627281488509,9.375,275.9765625,1,193.673711027155
43.3159510037097,320.157245601073,7.125,159.4040625,1,197.452918135713
37.2137030456479,278.618597551392,7.685,185.4459665,1,180.776830255037
83.598575824417,102.937333324759,3.75,44.15625,1,151.560063381529
106.711027705995,357.807598334558,5.435,92.7531665,1,183.319585543369
32.6275426621667,150.829366762993,9.935,309.9312665,1,174.445666751092
25.176480696653,288.175907744164,7.685,185.4459665,1,195.801566919458
35.6484657658903,179.281325041766,4.875,74.6240625,1,165.652317512103
253.856561526964,62.4235341261026,4.3125,58.396640625,1,147.74238789819
28.9197938083953,170.737871484309,6,113.04,1,173.564711608756
20.9919554456233,203.966843504248,7.125,159.4040625,1,179.051992065347
26.7869729767902,183.34782790648,4.875,74.6240625,1,174.011630548005
35.3479825956397,135.128302099462,6,113.04,1,176.970686905556
21.1844848739968,136.696049620276,8.25,213.71625,1,189.690217416335
31.8121018674751,124.253709119668,5.435,92.7531665,1,184.457772024831
25.4637736961184,109.637863115117,10.5,346.185,1,196.540606681678
21.8289840779068,161.766826820168,5.435,92.7531665,1,182.227018979376
18.3716865489707,176.459534987494,6,113.04,1,183.147475385467
16.7040696691655,150.2233693693,6,113.04,1,189.934491424784
18.011603949828,216.748984559701,6,113.04,1,182.757502665952
16.1212107998575,189.980709420959,7.685,185.4459665,1,184.151555251151
12.9288425847833,245.372758117281,9.935,309.9312665,1,192.494948286541
5.09934298792781,208.40247979113,9.375,275.9765625,1,195.08169511868
246.001739399762,361.812742009982,11.625,424.3415625,1,168.22462217105
11.3701808854965,226.057621660833,5.435,92.7531665,1,190.421134083876
334.781437513786,263.990227440093,4.3125,58.396640625,1,149.200486279762
15.7503200635267,277.495668012843,6.56,135.125504,1,199.883774022429
197.12164497392,370.927650108346,8.25,213.71625,1,170.951883579027
226.683929262263,365.355469496247,6,113.04,1,167.494666700757
212.009829038149,376.607984629272,7.685,185.4459665,1,177.015864340851
233.635298281393,382.159418251223,12.185,466.2090665,1,185.238729611554
260.685134245313,351.086971313689,6,113.04,1,162.818790129134
271.045899998199,357.141270035574,6,113.04,1,172.455497607201
282.11134711187,351.199091969027,6.56,135.125504,1,172.056498676407
300.296060243981,351.301235509372,11.625,424.3415625,1,181.52510450934
263.090913671602,366.125600424849,6,113.04,1,177.702499994891
282.741324516281,367.121634274511,9.375,275.9765625,1,186.482619633284
182.185015508599,383.16583625727,11.06,384.096104,1,184.030153084363
150.772778578173,372.945259975352,7.685,185.4459665,1,179.81485555108
256.484804948722,380.009042092587,9.375,275.9765625,1,188.66316128271
3.3277836667254,233.37040136321,5.435,92.7531665,1,199.483193188259
200.94155088869,384.65611756842,6,113.04,1,184.658518009644
320.841980267145,331.467246177394,6,113.04,1,178.567693081231
76.4455787106463,351.798494599029,6.56,135.125504,1,195.725516943189
102.834761906547,368.565562289323,6,113.04,1,194.564725178212
162.795877236276,381.592872284974,7.125,159.4040625,1,185.364824104589
186.643382442489,138.865866053691,3.1875,31.902890625,1,62.5762060686237
215.495739350594,392.730436499058,8.81,243.714554,1,193.352370275461
194.805515996292,396.25847512192,7.125,159.4040625,1,196.327205759279
168.193009005447,394.781256138434,7.125,159.4040625,1,197.361147187064
149.216904001756,388.804121198733,8.25,213.71625,1,195.514498236813
298.512808210684,369.398589934419,6.56,135.125504,1,195.960852348943
64.358256259586,56.9531503392326,13.31,556.270154,1,197.132148171754
311.154544304014,365.888474758731,6.56,135.125504,1,199.685549745621
99.9200181414462,40.1472946618958,9.935,309.9312665,1,188.597163745161
247.760900973964,15.5217378288636,8.25,213.71625,1,190.560575344239
258.368958806194,25.0365478126761,6,113.04,1,184.442795883778
225.776281888982,9.81536299651785,7.125,159.4040625,1,191.92345573214
206.82313610382,9.53413973888846,7.125,159.4040625,1,190.588035068565
191.19731507938,0.232100053306262,11.06,384.096104,1,199.961749119485
167.980168783938,3.54515455870393,11.625,424.3415625,1,199.047170008691
124.370051973768,15.0191271625116,11.06,384.096104,1,199.844470411792
271.421501188929,23.6593178584179,7.125,159.4040625,1,190.255268022304
42.8155416718904,89.1104963682648,13.875,604.4990625,1,192.362771750653
327.450321632454,53.9956398608531,13.875,604.4990625,1,193.806237422478
263.147242278371,11.3762913795304,7.685,185.4459665,1,198.913241542898
238.244391421935,4.17395628592946,6.56,135.125504,1,199.52561958791
107.166323085151,24.0863026420098,7.685,185.4459665,1,198.906310829217
299.014222867783,37.694155201975,6,113.04,1,190.123653409331
293.480481541174,25.1778885089795,7.685,185.4459665,1,198.245734116396
339.408331220485,96.9602681850151,9.375,275.9765625,1,173.354749419174
344.056941982837,285.854586565526,7.685,185.4459665,1,167.70036543724
348.069381475014,267.273244578836,9.375,275.9765625,1,162.635270364571
351.887225535519,118.129016215317,9.935,309.9312665,1,172.547347898336
311.481168878045,39.220214564256,6.56,135.125504,1,195.648129097058
342.461813621578,303.000012995055,7.125,159.4040625,1,175.796390797225
78.2724104619576,41.9870039470371,7.125,159.4040625,1,199.463563029381
8.15003310332611,165.742543766207,8.81,243.714554,1,194.884537882986
4.20804728394544,181.182264385434,7.125,159.4040625,1,196.694168500303
16.2519158500221,123.326971012394,6,113.04,1,199.103269191949
347.074112034015,80.4699671107803,8.81,243.714554,1,189.521036281179
346.575220165433,223.33310513996,6,113.04,1,148.420783457094
345.038070158614,235.234246675818,6,113.04,1,149.256470325904
353.091342625714,244.872628416062,6.56,135.125504,1,159.532165934991
312.687579130663,339.483789516349,5.435,92.7531665,1,179.315972596338
365.786891282125,257.090952536525,11.06,384.096104,1,175.341581441821
358.004880828815,230.859198556862,7.685,185.4459665,1,160.990162746982
362.988822339529,282.051955087207,11.625,424.3415625,1,182.477065795293
366.77221089997,191.241848408979,6.56,135.125504,1,167.002022585822
371.587687663539,224.956363772577,7.125,159.4040625,1,173.393064020651
377.898156949485,198.195101209164,6.56,135.125504,1,177.907312681825
344.76974968166,315.920502774571,6,113.04,1,185.461164092108
323.076498581209,342.681797122667,5.435,92.7531665,1,188.430145500035
355.414960733599,298.584675534073,6.56,135.125504,1,184.045505976062
376.313885084185,270.515780337707,6,113.04,1,189.892236150178
205.576586320487,174.28202617538,2.0625,13.357265625,1,26.3156320964116
368.510938796547,299.378248829238,6.56,135.125504,1,195.63223874009
333.371835483493,327.559772152227,7.125,159.4040625,1,184.552274360855
347.038187129102,328.273955391027,6.56,135.125504,1,195.126718072826
358.661442293937,319.095936030995,8.25,213.71625,1,198.386731536893
340.167825462498,338.788313696224,6,113.04,1,197.254189596893
366.841666277248,145.947315071371,6.56,135.125504,1,175.379116071903
47.0422276236193,181.189649401949,3.75,44.15625,1,154.110056193508
216.421986849458,1.43379009439899,5.435,92.7531665,1,199.244125053561
317.515903921805,355.058576152874,6,113.04,1,194.558859251167
369.236504699937,178.925970199633,6,113.04,1,170.543569961105
381.969937436356,170.309107908341,9.375,275.9765625,1,184.376265294071
369.105627255745,239.786317563854,6.56,135.125504,1,173.722952527439
379.637225523704,214.589562663375,6,113.04,1,180.228710622261
310.944941331022,270.992692978483,3.75,44.15625,1,131.714625092588
384.408521936908,235.342710990671,9.375,275.9765625,1,187.764773541592
355.985048162243,100.992148073212,7.685,185.4459665,1,184.753592639856
361.028573990522,132.533159661708,7.125,159.4040625,1,174.59088231249
9.74608539129813,259.836718731418,4.875,74.6240625,1,199.441683036616
256.307527209346,48.118757984752,4.3125,58.396640625,1,161.982867293197
333.144977831232,349.201440563214,6.56,135.125504,1,199.971635458176
165.684972337303,26.3295101458165,3.75,44.15625,1,177.028133836641
379.143722116021,185.697014658979,6,113.04,1,179.713796251839
380.902765274261,132.712452208606,12.75,510.44625,1,193.011462280491
297.716176211385,331.055812886859,4.875,74.6240625,1,163.47500477079
376.911410166427,153.454235745412,6,113.04,1,182.932105484842
388.597662252177,205.788189268555,6.56,135.125504,1,188.686463059741
140.104543659721,10.0682892147821,5.435,92.7531665,1,199.152003384374
389.710851882341,192.485929778625,6.56,135.125504,1,189.85960226761
391.406022712663,220.399987581155,7.125,159.4040625,1,192.490064740993
399.757039674215,200.024345451058,6,113.04,1,199.75704115777
389.188914253358,156.10310218134,6.56,135.125504,1,194.214785519708
394.429027951253,180.24365815189,6.56,135.125504,1,195.430192020804
388.462416545485,257.746527879799,11.625,424.3415625,1,197.110993940816
366.541453134951,110.556788110985,6.56,135.125504,1,189.040058626008
55.7736614532284,73.616876123422,5.435,92.7531665,1,191.765301166323
363.667831825434,86.3955779218168,8.81,243.714554,1,199.231332601468
248.382648792766,393.730532194777,6.56,135.125504,1,199.680744711842
76.5581468964052,341.489109146755,3.75,44.15625,1,187.768631844597
273.947416797485,382.396051187549,8.25,213.71625,1,196.816005293859
166.822410811087,215.047882935994,2.625,21.6365625,1,36.4306355317012
396.76376868227,166.12184363827,6,113.04,1,199.658984632597
241.740267651013,198.043387613188,3.1875,31.902890625,1,41.7861014646071
345.572778651513,64.6058496416431,7.125,159.4040625,1,198.803948239424
8.62497691890808,142.13093553684,5.435,92.7531665,1,199.933059000081
282.574887585804,17.8838895728274,5.435,92.7531665,1,199.962220774151
135.917070460012,160.136892914616,3.1875,31.902890625,1,75.4697897501236
65.6528214069484,348.020186143717,4.875,74.6240625,1,199.897823654821
3.26353907282096,193.706700669719,5.435,92.7531665,1,196.837091714473
109.095679667731,376.759985090087,4.3125,58.396640625,1,198.765408922477
381.17376542043,282.097453926501,6.56,135.125504,1,198.906825468185
370.104775014723,99.1032837485139,5.435,92.7531665,1,197.77710138725
233.484003897925,127.66818161691,3.1875,31.902890625,1,79.7061507516237
378.589646707329,114.105679718587,6,113.04,1,198.171885411767
153.21092159488,208.187589740239,2.625,21.6365625,1,47.5000471973972
216.024615601583,243.071358638913,2.625,21.6365625,1,45.9557421894192
182.594854278627,190.229289089187,2.0625,13.357265625,1,19.9601074467274
398.801470872206,210.949731155029,4.875,74.6240625,1,199.102791123881
136.654965593821,388.922905394892,4.3125,58.396640625,1,199.25977408089
291.459910773981,377.673122791163,4.3125,58.396640625,1,199.831563675883
169.88557479305,19.447733830157,4.3125,58.396640625,1,183.046440622621
